--
-- PostgreSQL database dump
--

-- Dumped from database version 14.2 (Debian 14.2-1.pgdg110+1)
-- Dumped by pg_dump version 14.2 (Debian 14.2-1.pgdg110+1)

SET statement_timeout = 0;
SET lock_timeout = 0;
SET idle_in_transaction_session_timeout = 0;
SET client_encoding = 'UTF8';
SET standard_conforming_strings = on;
SELECT pg_catalog.set_config('search_path', '', false);
SET check_function_bodies = false;
SET xmloption = content;
SET client_min_messages = warning;
SET row_security = off;

SET default_tablespace = '';

SET default_table_access_method = heap;

--
-- Name: groups; Type: TABLE; Schema: public; Owner: beedule
--

CREATE TABLE public.groups (
    group_id character varying(50) NOT NULL,
    group_note text
);


ALTER TABLE public.groups OWNER TO beedule;

--
-- Name: jec_jeux_id_seq; Type: SEQUENCE; Schema: public; Owner: beedule
--

CREATE SEQUENCE public.jec_jeux_id_seq
    START WITH 1
    INCREMENT BY 1
    NO MINVALUE
    NO MAXVALUE
    CACHE 1;


ALTER TABLE public.jec_jeux_id_seq OWNER TO beedule;

--
-- Name: jec_jeux; Type: TABLE; Schema: public; Owner: beedule
--

CREATE TABLE public.jec_jeux (
    id integer DEFAULT nextval('public.jec_jeux_id_seq'::regclass) NOT NULL,
    partie integer NOT NULL,
    joueur character varying(20) NOT NULL,
    points integer DEFAULT 0,
    rem character varying(50) DEFAULT ''::character varying
);


ALTER TABLE public.jec_jeux OWNER TO beedule;

--
-- Name: jec_joueurs; Type: TABLE; Schema: public; Owner: beedule
--

CREATE TABLE public.jec_joueurs (
    joueur character varying(20) NOT NULL,
    cumul integer DEFAULT 0,
    actif integer DEFAULT 0
);


ALTER TABLE public.jec_joueurs OWNER TO beedule;

--
-- Name: pluvio_id_seq; Type: SEQUENCE; Schema: public; Owner: beedule
--

CREATE SEQUENCE public.pluvio_id_seq
    START WITH 281
    INCREMENT BY 1
    NO MINVALUE
    MAXVALUE 2147483647
    CACHE 1;


ALTER TABLE public.pluvio_id_seq OWNER TO beedule;

--
-- Name: pluvio; Type: TABLE; Schema: public; Owner: beedule
--

CREATE TABLE public.pluvio (
    id integer DEFAULT nextval('public.pluvio_id_seq'::regclass) NOT NULL,
    annee character(4) DEFAULT '2022'::bpchar,
    mois integer DEFAULT 3,
    date date NOT NULL,
    mm real DEFAULT '0'::real,
    cumul_mois real DEFAULT '0'::real
);


ALTER TABLE public.pluvio OWNER TO beedule;

--
-- Name: users; Type: TABLE; Schema: public; Owner: beedule
--

CREATE TABLE public.users (
    user_name character varying(20) NOT NULL,
    user_password character varying(100),
    user_email character varying(100),
    user_is_admin integer,
    user_groupes text
);


ALTER TABLE public.users OWNER TO beedule;

--
-- Data for Name: groups; Type: TABLE DATA; Schema: public; Owner: beedule
--

COPY public.groups (group_id, group_note) FROM stdin;
admin	Le groupe des administrateurs habilités à gérer les comptes et groupes
picsou	Groupe des boursicoteurs amateurs
dev	Habilitation pour développer le dictionnaire des applications
chinook	Pour accéder à l'application Chinook
demo	Groupe invité pour voir la démo de Beedule
billerot	Groupe de la famille billerot
angie	Le groupe des Billerot des Couperies
\.


--
-- Data for Name: jec_jeux; Type: TABLE DATA; Schema: public; Owner: beedule
--

COPY public.jec_jeux (id, partie, joueur, points, rem) FROM stdin;
79	1	Philippe	1	
80	1	Mauricette	26	
77	1	Romain	29	
81	1	Louise	14	
78	1	Caroline	16	
86	2	Louise	12	
85	2	Mauricette	22	
83	2	Caroline	25	
84	2	Philippe	28	
82	2	Romain	24	
87	3	Romain	44	
88	3	Caroline	16	
90	3	Mauricette	9	
89	3	Philippe	5	
91	3	Louise	16	
94	4	Philippe	13	
95	4	Mauricette	12	
96	4	Louise	9	
92	4	Romain	19	
93	4	Caroline	16	
\.


--
-- Data for Name: jec_joueurs; Type: TABLE DATA; Schema: public; Owner: beedule
--

COPY public.jec_joueurs (joueur, cumul, actif) FROM stdin;
Romain	116	1
Caroline	73	1
Philippe	47	1
Mauricette	69	1
François	0	0
Isabelle	0	0
Louise	51	1
\.


--
-- Data for Name: pluvio; Type: TABLE DATA; Schema: public; Owner: beedule
--

COPY public.pluvio (id, annee, mois, date, mm, cumul_mois) FROM stdin;
452	2023	7	2023-07-29	4	40
443	2023	6	2023-06-30	8	63
440	2023	6	2023-06-20	13	63
432	2023	5	2023-05-09	10	67
420	2023	4	2023-04-12	4	52
415	2023	3	2023-03-30	5	149
422	2023	4	2023-04-14	8	52
410	2023	3	2023-03-22	5	149
426	2023	4	2023-04-29	1	52
409	2023	3	2023-03-18	9	149
412	2023	3	2023-03-24	2	149
417	2023	4	2023-04-01	10	52
408	2023	3	2023-03-14	1	149
403	2023	3	2023-03-10	35	149
428	2023	5	2023-05-05	5	67
400	2023	3	2023-03-07	10	149
430	2023	5	2023-05-07	3	67
405	2023	3	2023-03-12	3	149
434	2023	5	2023-05-11	5	67
439	2023	6	2023-06-19	29	63
431	2023	5	2023-05-08	4	67
445	2023	7	2023-07-04	10	40
436	2023	5	2023-05-21	1	67
447	2023	7	2023-07-11	2	40
397	2023	2	2023-02-22	11	42
449	2023	7	2023-07-23	2	40
407	2023	3	2023-03-17	7	149
402	2023	3	2023-03-09	14	149
396	2023	2	2023-02-17	4	42
399	2023	2	2023-02-24	3	42
395	2023	1	2023-01-30	2	178
386	2023	1	2023-01-10	11	178
353	2022	11	2022-11-14	5	135
388	2023	1	2023-01-13	2	178
375	2022	12	2022-12-25	2	118
390	2023	1	2023-01-15	25	178
373	2022	12	2022-12-23	32	118
392	2023	1	2023-01-17	2	178
377	2022	12	2022-12-28	3	118
394	2023	1	2023-01-27	1	178
370	2022	12	2022-12-21	10	118
371	2022	12	2022-12-22	30	118
363	2022	11	2022-11-24	3	135
359	2022	11	2022-11-20	3	135
365	2022	11	2022-11-28	7	135
355	2022	11	2022-11-15	11	135
352	2022	11	2022-11-10	6	135
349	2022	11	2022-11-04	2	135
346	2022	10	2022-10-31	3	112
351	2022	11	2022-11-08	5	135
345	2022	10	2022-10-24	1	112
344	2022	10	2022-10-23	2	112
360	2022	11	2022-11-21	10	135
343	2022	10	2022-10-20	10	112
338	2022	10	2022-10-01	18	112
358	2022	11	2022-11-18	4	135
337	2022	9	2022-09-28	11	82
340	2022	10	2022-10-14	8	112
336	2022	9	2022-09-27	5	82
348	2022	11	2022-11-03	20	135
333	2022	9	2022-09-13	15	82
330	2022	9	2022-09-07	15	82
342	2022	10	2022-10-17	41	112
335	2022	9	2022-09-26	5	82
329	2022	9	2022-09-02	7	82
326	2022	8	2022-08-30	12	56
325	2022	8	2022-08-22	3	56
332	2022	9	2022-09-09	2	82
328	2022	9	2022-09-01	3	82
324	2022	8	2022-08-16	5	56
323	2022	8	2022-08-19	2	56
379	2022	12	2022-12-30	12	118
322	2022	8	2022-08-14	14	56
381	2023	1	2023-01-04	8	178
321	2022	8	2022-08-13	7	56
383	2023	1	2023-01-07	16	178
318	2022	7	2022-07-25	2	7
385	2023	1	2023-01-09	2	178
317	2022	6	2022-06-30	6	97
316	2022	6	2022-06-25	12	97
314	2022	6	2022-06-23	3	97
312	2022	6	2022-06-21	4	97
362	2022	11	2022-11-23	2	135
310	2022	6	2022-06-01	4	97
309	2022	6	2022-06-20	15	97
307	2022	6	2022-06-08	14	97
308	2022	6	2022-06-19	1	97
213	2020	8	2020-08-20	1	41
304	2022	5	2022-05-31	4	36
306	2022	6	2022-06-06	3	97
302	2022	5	2022-05-22	22	36
300	2022	4	2022-04-24	7	74
105	2021	12	2021-12-12	2	177
298	2022	4	2022-04-08	12	74
107	2021	12	2021-12-25	7	177
295	2022	4	2022-04-05	2	74
269	2020	12	2020-12-28	5	202
292	2022	3	2022-03-30	1.5	49.5
52	2021	6	2021-06-16	8	119
32	2021	4	2021-04-11	3	9
387	2023	1	2023-01-12	17	178
69	2021	8	2021-08-02	6	42
70	2021	8	2021-08-03	6	42
71	2021	8	2021-08-04	4	42
72	2021	8	2021-08-05	7	42
73	2021	8	2021-08-06	1	42
389	2023	1	2023-01-14	43	178
74	2021	8	2021-08-07	15	42
76	2021	8	2021-08-10	1	42
376	2022	12	2022-12-26	2	118
378	2022	12	2022-12-29	4	118
382	2023	1	2023-01-02	2	178
77	2021	9	2021-09-09	9	45
78	2021	9	2021-09-10	4	45
444	2023	7	2023-07-01	2	40
79	2021	9	2021-09-14	1	45
288	2022	3	2022-03-10	5	49.5
66	2021	7	2021-07-12	20	49
67	2021	7	2021-07-13	5	49
361	2022	11	2022-11-22	5	135
429	2023	5	2023-05-06	17	67
68	2021	7	2021-07-24	9	49
80	2021	9	2021-09-17	3	45
315	2022	6	2022-06-24	24	97
6	2021	1	2021-01-21	18	156
7	2021	1	2021-01-22	15	156
313	2022	6	2022-06-22	6	97
42	2021	5	2021-05-17	3	112
92	2021	11	2021-11-02	9	36
14	2021	1	2021-01-31	19	156
453	2023	8	2023-08-01	5	5
15	2021	2	2021-02-01	26	112
364	2022	11	2022-11-27	12	135
19	2021	2	2021-02-11	10	112
13	2021	1	2021-01-30	13	156
183	2020	5	2020-05-03	1	69
184	2020	5	2020-05-04	3	69
185	2020	5	2020-05-10	34	69
186	2020	5	2020-05-08	4	69
187	2020	5	2020-05-11	5	69
448	2023	7	2023-07-15	3	40
188	2020	5	2020-05-12	2	69
9	2021	1	2021-01-24	3	156
55	2021	6	2021-06-20	7	119
450	2023	7	2023-07-26	1	40
435	2023	5	2023-05-13	12	67
380	2023	1	2023-01-01	14	178
384	2023	1	2023-01-08	15	178
10	2021	1	2021-01-27	11	156
11	2021	1	2021-01-28	30	156
39	2021	5	2021-05-13	3	112
441	2023	6	2023-06-21	2	63
99	2021	12	2021-12-03	29	177
101	2021	12	2021-12-05	2	177
102	2021	12	2021-12-06	4	177
334	2022	9	2022-09-14	15	82
372	2022	12	2022-12-14	14	118
341	2022	10	2022-10-15	14	112
12	2021	1	2021-01-29	12	156
189	2020	5	2020-05-23	5	69
191	2020	6	2020-06-03	3	104.5
423	2023	4	2023-04-21	6	52
264	2020	12	2020-12-21	23	202
303	2022	5	2022-05-23	6	36
266	2020	12	2020-12-23	8	202
193	2020	6	2020-06-09	2	104.5
413	2023	3	2023-03-25	5	149
194	2020	6	2020-06-10	3	104.5
301	2022	5	2022-05-19	4	36
297	2022	4	2022-04-07	37	74
195	2020	6	2020-06-11	13	104.5
121	2022	2	2022-02-04	5	58
196	2020	6	2020-06-12	4	104.5
299	2022	4	2022-04-12	2	74
197	2020	6	2020-06-13	11	104.5
136	2020	1	2020-01-30	26	141.5
138	2020	1	2020-01-29	8	141.5
227	2020	10	2020-10-02	8	173
43	2021	5	2021-05-18	2	112
366	2022	12	2022-12-03	3	118
142	2020	2	2020-02-03	3	108
143	2020	2	2020-02-08	2	108
144	2020	2	2020-02-09	4	108
145	2020	2	2020-02-11	2	108
140	2020	2	2020-02-01	24	108
162	2020	3	2020-03-09	5	132
163	2020	3	2020-03-10	8	132
53	2021	6	2021-06-17	14	119
164	2020	3	2020-03-11	4	132
2	2021	1	2021-01-13	4	156
3	2021	1	2021-01-14	5	156
214	2020	8	2020-08-21	1	41
215	2020	8	2020-08-22	4	41
418	2023	4	2023-04-11	5	52
255	2020	12	2020-12-10	18	202
414	2023	3	2023-03-26	7	149
89	2021	10	2021-10-25	2	54
90	2021	10	2021-10-29	7	54
91	2021	11	2021-11-01	5	36
198	2020	6	2020-06-14	11	104.5
88	2021	10	2021-10-21	2	54
356	2022	11	2022-11-16	11	135
49	2021	6	2021-06-02	3	119
34	2021	5	2021-05-06	16	112
369	2022	12	2022-12-20	4	118
150	2020	2	2020-02-18	5	108
151	2020	2	2020-02-23	2	108
153	2020	2	2020-02-26	9	108
33	2021	5	2021-05-04	14	112
320	2022	7	2022-07-20	3	7
35	2021	5	2021-05-09	16	112
36	2021	5	2021-05-10	5	112
37	2021	5	2021-05-11	2	112
38	2021	5	2021-05-12	5	112
120	2022	1	2022-01-30	2	59
122	2022	2	2022-02-06	4	58
239	2020	10	2020-10-24	8	173
240	2020	10	2020-10-25	21	173
190	2020	6	2020-06-04	3	104.5
241	2020	10	2020-10-26	8	173
123	2022	2	2022-02-13	5	58
124	2020	1	2020-01-01	11	141.5
244	2020	10	2020-10-31	4	173
245	2020	11	2020-11-01	8	41
192	2020	6	2020-06-05	4	104.5
246	2020	11	2020-11-02	4	41
442	2023	6	2023-06-22	7	63
421	2023	4	2023-04-13	9	52
217	2020	8	2020-08-30	2	41
411	2023	3	2023-03-23	12	149
271	2022	2	2022-02-14	2	58
128	2020	1	2020-01-12	6.5	141.5
132	2020	1	2020-01-17	7.5	141.5
137	2020	1	2020-01-28	6.5	141.5
149	2020	2	2020-02-17	1.5	108
199	2020	6	2020-06-15	4	104.5
437	2023	6	2023-06-12	2	63
427	2023	4	2023-04-30	1	52
200	2020	6	2020-06-16	23	104.5
201	2020	6	2020-06-17	5	104.5
1	2021	1	2021-01-12	5	156
296	2022	4	2022-04-06	12	74
331	2022	9	2022-09-08	4	82
94	2021	11	2021-11-07	2	36
4	2021	1	2021-01-15	10	156
327	2022	8	2022-08-31	13	56
5	2021	1	2021-01-20	8	156
281	2022	3	2022-03-02	1	49.5
262	2020	12	2020-12-19	13	202
263	2020	12	2020-12-20	4	202
81	2021	9	2021-09-25	7	45
82	2021	9	2021-09-26	8	45
267	2020	12	2020-12-26	3	202
268	2020	12	2020-12-27	35	202
270	2020	12	2020-12-29	6	202
401	2023	3	2023-03-08	12	149
404	2023	3	2023-03-11	3	149
83	2021	9	2021-09-28	7	45
319	2022	7	2022-07-19	2	7
95	2021	11	2021-11-13	2	36
152	2020	2	2020-02-24	6.5	108
16	2021	2	2021-02-02	24	112
17	2021	2	2021-02-05	8	112
18	2021	2	2021-02-06	11	112
182	2020	5	2020-05-02	9	69
311	2022	6	2022-06-02	4	97
93	2021	11	2021-11-03	13	36
75	2021	8	2021-08-08	2	42
275	2022	2	2022-02-18	2	58
276	2022	2	2022-02-19	2	58
113	2022	1	2022-01-03	14	59
158	2020	3	2020-03-01	24	132
167	2021	3	2021-03-18	2	36
64	2021	7	2021-07-05	2	49
451	2023	7	2023-07-28	13	40
287	2022	3	2022-03-08	2	49.5
202	2020	6	2020-06-18	5	104.5
203	2020	6	2020-06-21	4	104.5
391	2023	1	2023-01-16	11	178
357	2022	11	2022-11-17	16	135
96	2021	11	2021-11-25	2	36
347	2022	11	2022-11-01	10	135
165	2020	3	2020-03-15	9.5	132
166	2020	3	2020-03-16	4.5	132
179	2020	4	2020-04-29	7.5	58.5
398	2023	2	2023-02-23	24	42
291	2022	3	2022-03-14	2	49.5
374	2022	12	2022-12-24	2	118
47	2021	5	2021-05-24	8	112
48	2021	6	2021-06-01	2	119
51	2021	6	2021-06-04	3	119
393	2023	1	2023-01-19	7	178
54	2021	6	2021-06-18	11	119
406	2023	3	2023-03-13	9	149
97	2021	11	2021-11-28	3	36
98	2021	12	2021-12-01	10	177
112	2021	9	2021-09-03	6	45
114	2022	1	2022-01-04	4	59
115	2022	1	2022-01-06	3	59
40	2021	5	2021-05-15	12	112
159	2020	3	2020-03-02	5	132
160	2020	3	2020-03-03	14	132
161	2020	3	2020-03-08	5	132
181	2020	5	2020-05-01	6	69
103	2021	12	2021-12-07	24	177
104	2021	12	2021-12-10	13	177
84	2021	10	2021-10-02	27	54
85	2021	10	2021-10-03	5	54
86	2021	10	2021-10-04	7	54
87	2021	10	2021-10-20	4	54
446	2023	7	2023-07-09	3	40
204	2020	6	2020-06-27	2	104.5
206	2020	7	2020-07-25	4	13
207	2020	7	2020-07-26	6	13
209	2020	8	2020-08-12	1	41
211	2020	8	2020-08-13	19	41
212	2020	8	2020-08-15	7	41
305	2022	6	2022-06-04	1	97
141	2020	2	2020-02-02	10	108
8	2021	1	2021-01-23	3	156
424	2023	4	2023-04-23	3	52
433	2023	5	2023-05-10	10	67
294	2022	3	2022-03-31	14	49.5
216	2020	8	2020-08-27	3	41
265	2020	12	2020-12-22	2	202
416	2023	3	2023-03-31	10	149
44	2021	5	2021-05-19	1	112
45	2021	5	2021-05-22	6	112
46	2021	5	2021-05-23	12	112
56	2021	6	2021-06-21	10	119
57	2021	6	2021-06-22	1	119
58	2021	6	2021-06-26	3	119
59	2021	6	2021-06-27	10	119
60	2021	6	2021-06-28	13	119
61	2021	6	2021-06-29	18	119
62	2021	7	2021-07-03	3	49
63	2021	7	2021-07-04	8	49
65	2021	7	2021-07-06	2	49
208	2020	7	2020-07-05	2	13
256	2020	12	2020-12-09	9	202
257	2020	12	2020-12-11	8	202
258	2020	12	2020-12-14	13	202
293	2022	4	2022-04-01	2	74
25	2021	3	2021-03-11	12	36
26	2021	3	2021-03-12	3	36
438	2023	6	2023-06-13	2	63
116	2022	1	2022-01-08	18	59
117	2022	1	2022-01-09	13	59
118	2022	1	2022-01-16	3	59
119	2022	1	2022-01-19	2	59
425	2023	4	2023-04-26	1	52
272	2022	2	2022-02-15	19	58
273	2022	2	2022-02-16	8	58
274	2022	2	2022-02-17	4	58
350	2022	11	2022-11-06	3	135
100	2021	12	2021-12-04	5	177
289	2022	3	2022-03-11	8	49.5
339	2022	10	2022-10-13	15	112
259	2020	12	2020-12-15	4	202
260	2020	12	2020-12-16	3	202
261	2020	12	2020-12-17	2	202
27	2021	3	2021-03-13	10	36
29	2021	3	2021-03-25	1	36
30	2021	3	2021-03-26	2	36
31	2021	4	2021-04-10	6	9
172	2020	4	2020-04-17	3.5	58.5
171	2020	4	2020-04-06	5.5	58.5
106	2021	12	2021-12-23	2	177
108	2021	12	2021-12-26	16	177
109	2021	12	2021-12-27	33	177
110	2021	12	2021-12-28	16	177
111	2021	12	2021-12-29	14	177
20	2021	2	2021-02-09	17	112
21	2021	2	2021-02-12	8	112
22	2021	2	2021-02-18	6	112
23	2021	2	2021-02-22	2	112
24	2021	3	2021-03-10	6	36
134	2020	1	2020-01-27	25	141.5
139	2020	1	2020-01-31	10	141.5
50	2021	6	2021-06-03	16	119
41	2021	5	2021-05-16	7	112
419	2023	4	2023-04-10	4	52
218	2020	9	2020-09-18	5	74
219	2020	9	2020-09-19	4	74
220	2020	9	2020-09-21	19	74
221	2020	9	2020-09-23	12	74
222	2020	9	2020-09-24	16	74
223	2020	9	2020-09-25	2	74
224	2020	9	2020-09-26	1	74
225	2020	9	2020-09-30	15	74
226	2020	10	2020-10-01	25	173
277	2022	2	2022-02-20	5	58
278	2022	2	2022-02-21	1	58
280	2022	2	2022-02-22	1	58
126	2020	1	2020-01-07	4.5	141.5
133	2020	1	2020-01-18	1.5	141.5
205	2020	6	2020-06-28	7.5	104.5
285	2020	7	2020-07-04	1	13
286	2020	8	2020-08-17	3	41
284	2022	3	2022-03-04	2	49.5
290	2022	3	2022-03-13	14	49.5
228	2020	10	2020-10-03	36	173
229	2020	10	2020-10-04	7	173
230	2020	10	2020-10-05	11	173
233	2020	10	2020-10-09	3	173
234	2020	10	2020-10-11	2	173
235	2020	10	2020-10-12	2	173
236	2020	10	2020-10-13	2	173
237	2020	10	2020-10-20	3	173
238	2020	10	2020-10-23	3	173
242	2020	10	2020-10-27	17	173
243	2020	10	2020-10-28	8	173
247	2020	11	2020-11-07	5	41
248	2020	11	2020-11-11	3	41
249	2020	11	2020-11-15	15	41
250	2020	11	2020-11-03	1	41
251	2020	11	2020-11-18	5	41
252	2020	12	2020-12-03	29	202
253	2020	12	2020-12-05	8	202
254	2020	12	2020-12-07	9	202
125	2020	1	2020-01-03	5	141.5
127	2020	1	2020-01-09	15	141.5
129	2020	1	2020-01-13	2	141.5
130	2020	1	2020-01-14	4	141.5
131	2020	1	2020-01-16	9	141.5
168	2020	3	2020-03-04	30	132
169	2020	3	2020-03-05	14	132
170	2020	3	2020-03-06	9	132
173	2020	4	2020-04-18	1	58.5
174	2020	4	2020-04-19	10	58.5
175	2020	4	2020-04-20	1	58.5
176	2020	4	2020-04-25	13	58.5
177	2020	4	2020-04-27	2	58.5
178	2020	4	2020-04-28	2	58.5
180	2020	4	2020-04-30	13	58.5
231	2020	10	2020-10-06	4	173
232	2020	10	2020-10-07	1	173
146	2020	2	2020-02-10	1	108
147	2020	2	2020-02-13	5	108
148	2020	2	2020-02-16	15	108
154	2020	2	2020-02-27	9	108
156	2020	2	2020-02-29	7	108
157	2020	2	2020-02-28	2	108
\.


--
-- Data for Name: users; Type: TABLE DATA; Schema: public; Owner: beedule
--

COPY public.users (user_name, user_password, user_email, user_is_admin, user_groupes) FROM stdin;
bnohost	***	bnohost@gmail.com	0	admin,picsou
Billerot	$2a$14$8JJS3sGVTEBFbIb/A0pRrO/t/wKPQU3bhKC0LteyXfFmXqy2p6Wjm	philippe.billerot@gmail.com	0	billerot
angie	\N	mauricette.billerot@gmail.com	1	angie
philippe	$2a$14$pN51Cifuei8ewMKhj/iWuueiL.7FCD/38DqRpznSG7oOvXBYnD6CK	philippe.billerot@gmail.com	1	admin,angie,billerot,chinook,demo,dev,picsou
demo	$2a$14$BIAMpwVLYJ8JLbVIJGvCdunWI1EZxiIp4zGAIcwLF5LxSvPOrh02a	demo@crate.fr	0	chinook,demo,dev
\.


--
-- Name: jec_jeux_id_seq; Type: SEQUENCE SET; Schema: public; Owner: beedule
--

SELECT pg_catalog.setval('public.jec_jeux_id_seq', 96, true);


--
-- Name: pluvio_id_seq; Type: SEQUENCE SET; Schema: public; Owner: beedule
--

SELECT pg_catalog.setval('public.pluvio_id_seq', 453, true);


--
-- Name: groups groups_pkey; Type: CONSTRAINT; Schema: public; Owner: beedule
--

ALTER TABLE ONLY public.groups
    ADD CONSTRAINT groups_pkey PRIMARY KEY (group_id);


--
-- Name: jec_jeux jec_jeux_pkey; Type: CONSTRAINT; Schema: public; Owner: beedule
--

ALTER TABLE ONLY public.jec_jeux
    ADD CONSTRAINT jec_jeux_pkey PRIMARY KEY (id);


--
-- Name: jec_joueurs jec_joueurs_pkey; Type: CONSTRAINT; Schema: public; Owner: beedule
--

ALTER TABLE ONLY public.jec_joueurs
    ADD CONSTRAINT jec_joueurs_pkey PRIMARY KEY (joueur);


--
-- Name: pluvio pluvio_pkey; Type: CONSTRAINT; Schema: public; Owner: beedule
--

ALTER TABLE ONLY public.pluvio
    ADD CONSTRAINT pluvio_pkey PRIMARY KEY (id);


--
-- Name: users users_pkey; Type: CONSTRAINT; Schema: public; Owner: beedule
--

ALTER TABLE ONLY public.users
    ADD CONSTRAINT users_pkey PRIMARY KEY (user_name);


--
-- PostgreSQL database dump complete
--

